{
	"credit": "Bubblellaneous - by bbfh",
	"parent": "minecraft:block/block",
	"texture_size": [
		32,
		32
	],
	"textures": {
		"particle": "bubblellaneous:block/fridge",
		"layer0": "bubblellaneous:block/fridge"
	},
	"elements": [
		{
			"from": [
				0,
				0,
				0
			],
			"to": [
				16,
				16,
				16
			],
			"faces": {
				"north": {
					"uv": [
						0,
						8,
						8,
						16
					],
					"texture": "#layer0",
					"cullface": "north"
				},
				"east": {
					"uv": [
						8,
						0,
						16,
						8
					],
					"texture": "#layer0",
					"cullface": "east"
				},
				"south": {
					"uv": [
						8,
						0,
						16,
						8
					],
					"texture": "#layer0",
					"cullface": "south"
				},
				"west": {
					"uv": [
						8,
						0,
						16,
						8
					],
					"texture": "#layer0",
					"cullface": "west"
				},
				"up": {
					"uv": [
						8,
						0,
						16,
						8
					],
					"texture": "#layer0",
					"cullface": "up"
				},
				"down": {
					"uv": [
						8,
						8,
						16,
						16
					],
					"texture": "#layer0",
					"cullface": "down"
				}
			}
		}
	]
}
