{
	"credit": "Bubblellaneous - by bbfh",
	"parent": "minecraft:block/block",
	"textures": {
		"0": "bubblellaneous:block/calculator",
		"particle": "bubblellaneous:block/calculator"
	},
	"elements": [
		{
			"from": [
				4,
				-1,
				2
			],
			"to": [
				12,
				1,
				12
			],
			"rotation": {
				"angle": 0,
				"axis": "y",
				"origin": [
					0,
					-1,
					1
				]
			},
			"faces": {
				"north": {
					"uv": [
						7,
						8,
						9,
						16
					],
					"rotation": 90,
					"texture": "#0"
				},
				"east": {
					"uv": [
						7,
						16,
						9,
						6
					],
					"rotation": 90,
					"texture": "#0"
				},
				"west": {
					"uv": [
						7,
						6,
						9,
						16
					],
					"rotation": 90,
					"texture": "#0"
				},
				"up": {
					"uv": [
						0,
						16,
						8,
						6
					],
					"texture": "#0"
				},
				"down": {
					"uv": [
						8,
						6,
						16,
						16
					],
					"texture": "#0",
					"cullface": "down"
				}
			}
		},
		{
			"from": [
				4.025,
				-1,
				12
			],
			"to": [
				11.975,
				1,
				16
			],
			"rotation": {
				"angle": -45,
				"axis": "x",
				"origin": [
					8,
					-1,
					12
				]
			},
			"faces": {
				"east": {
					"uv": [
						7,
						12,
						9,
						16
					],
					"rotation": 90,
					"texture": "#0"
				},
				"south": {
					"uv": [
						0,
						0,
						7.95,
						2
					],
					"texture": "#0"
				},
				"west": {
					"uv": [
						7,
						12,
						9,
						16
					],
					"rotation": 90,
					"texture": "#0"
				},
				"up": {
					"uv": [
						0,
						6,
						7.95,
						2
					],
					"texture": "#0"
				},
				"down": {
					"uv": [
						8.05,
						2,
						16,
						6
					],
					"texture": "#0"
				}
			}
		}
	],
	"display": {
		"gui": {
			"rotation": [
				30,
				-135,
				0
			],
			"translation": [
				0,
				6,
				0
			]
		}
	}
}
