{
	"credit": "Bubblellaneous - by bbfh",
	"parent": "minecraft:block/block",
	"textures": {
		"0": "bubblellaneous:block/clipboard",
		"particle": "bubblellaneous:block/clipboard"
	},
	"elements": [
		{
			"from": [
				3,
				0,
				1
			],
			"to": [
				13,
				1,
				14
			],
			"faces": {
				"north": {
					"uv": [
						0,
						0,
						10,
						1
					],
					"texture": "#0"
				},
				"east": {
					"uv": [
						9,
						0,
						10,
						13
					],
					"rotation": 90,
					"texture": "#0"
				},
				"south": {
					"uv": [
						0,
						12,
						10,
						13
					],
					"texture": "#0"
				},
				"west": {
					"uv": [
						0,
						0,
						1,
						13
					],
					"rotation": 90,
					"texture": "#0"
				},
				"up": {
					"uv": [
						0,
						13,
						10,
						0
					],
					"texture": "#0"
				},
				"down": {
					"uv": [
						0,
						0,
						10,
						13
					],
					"texture": "#0"
				}
			}
		},
		{
			"from": [
				5,
				-0.25,
				13
			],
			"to": [
				11,
				1.75,
				15
			],
			"faces": {
				"north": {
					"uv": [
						2,
						13,
						8,
						15
					],
					"texture": "#0"
				},
				"east": {
					"uv": [
						2,
						13,
						4,
						15
					],
					"rotation": 90,
					"texture": "#0"
				},
				"south": {
					"uv": [
						2,
						15,
						8,
						13
					],
					"texture": "#0"
				},
				"west": {
					"uv": [
						6,
						13,
						8,
						15
					],
					"rotation": 270,
					"texture": "#0"
				},
				"up": {
					"uv": [
						2,
						13,
						8,
						15
					],
					"texture": "#0"
				},
				"down": {
					"uv": [
						2,
						13,
						8,
						15
					],
					"texture": "#0"
				}
			}
		}
	],
	"display": {
		"gui": {
			"rotation": [
				-60,
				0,
				-135
			],
			"translation": [
				5,
				-2,
				0
			]
		}
	}
}
