{
	"credit": "Bubblellaneous - by bbfh",
	"parent": "minecraft:block/block",
	"texture_size": [
		32,
		32
	],
	"textures": {
		"0": "bubblellaneous:block/electrical_box",
		"particle": "bubblellaneous:block/electrical_box"
	},
	"elements": [
		{
			"from": [
				4,
				2,
				12
			],
			"to": [
				13,
				14,
				16
			],
			"faces": {
				"north": {
					"uv": [
						0,
						0,
						4.5,
						6
					],
					"texture": "#0"
				},
				"east": {
					"uv": [
						11,
						0,
						9,
						6
					],
					"texture": "#0"
				},
				"south": {
					"uv": [
						9,
						0,
						4.5,
						6
					],
					"texture": "#0",
					"cullface": "south"
				},
				"west": {
					"uv": [
						9,
						0,
						11,
						6
					],
					"texture": "#0"
				},
				"up": {
					"uv": [
						0,
						6,
						4.5,
						8
					],
					"texture": "#0"
				},
				"down": {
					"uv": [
						0,
						8,
						4.5,
						6
					],
					"texture": "#0"
				}
			}
		},
		{
			"from": [
				2.5,
				3,
				12.5
			],
			"to": [
				3.5,
				4,
				14.5
			],
			"rotation": {
				"angle": 22.5,
				"axis": "x",
				"origin": [
					3.75,
					3.5,
					14
				]
			},
			"faces": {
				"east": {
					"uv": [
						0.5,
						2.5,
						1,
						3.5
					],
					"rotation": 90,
					"texture": "#0"
				},
				"south": {
					"uv": [
						0.5,
						3,
						1,
						3.5
					],
					"texture": "#0"
				},
				"west": {
					"uv": [
						0.5,
						2.5,
						1,
						3.5
					],
					"rotation": 270,
					"texture": "#0"
				},
				"up": {
					"uv": [
						0.5,
						2.5,
						1,
						3.5
					],
					"texture": "#0"
				},
				"down": {
					"uv": [
						0.5,
						2.5,
						1,
						3.5
					],
					"rotation": 180,
					"texture": "#0"
				}
			}
		},
		{
			"from": [
				3.5,
				3,
				13.5
			],
			"to": [
				4,
				4,
				14.5
			],
			"rotation": {
				"angle": 22.5,
				"axis": "x",
				"origin": [
					3.75,
					3.5,
					14
				]
			},
			"faces": {
				"north": {
					"uv": [
						0.5,
						3,
						0.75,
						3.5
					],
					"rotation": 180,
					"texture": "#0"
				},
				"south": {
					"uv": [
						0.5,
						3,
						0.75,
						3.5
					],
					"texture": "#0"
				},
				"up": {
					"uv": [
						0.5,
						2.5,
						0.75,
						3
					],
					"texture": "#0"
				},
				"down": {
					"uv": [
						0.5,
						2.5,
						0.75,
						3
					],
					"rotation": 180,
					"texture": "#0"
				}
			}
		},
		{
			"from": [
				2,
				2.5,
				4.5
			],
			"to": [
				4,
				4.5,
				12.5
			],
			"rotation": {
				"angle": 22.5,
				"axis": "x",
				"origin": [
					3.75,
					3.5,
					14
				]
			},
			"faces": {
				"north": {
					"uv": [
						11.5,
						0,
						12.5,
						1
					],
					"rotation": 270,
					"texture": "#0"
				},
				"east": {
					"uv": [
						11,
						0,
						12,
						4
					],
					"rotation": 90,
					"texture": "#0"
				},
				"south": {
					"uv": [
						11.5,
						3,
						12.5,
						4
					],
					"rotation": 90,
					"texture": "#0"
				},
				"west": {
					"uv": [
						12,
						0,
						13,
						4
					],
					"rotation": 270,
					"texture": "#0"
				},
				"up": {
					"uv": [
						12.5,
						0,
						11.5,
						4
					],
					"texture": "#0"
				},
				"down": {
					"uv": [
						11.5,
						0,
						12.5,
						4
					],
					"rotation": 180,
					"texture": "#0"
				}
			}
		}
	],
	"display": {
		"gui": {
			"rotation": [
				30,
				-135,
				0
			],
			"translation": [
				4,
				-2,
				0
			]
		}
	}
}
