{
	"credit": "Bubblellaneous - by bbfh",
	"parent": "minecraft:block/block",
	"textures": {
		"0": "bubblellaneous:block/curtains",
		"1": "block/smithing_table_top",
		"particle": "bubblellaneous:block/curtains"
	},
	"elements": [
		{
			"from": [
				0,
				0,
				15.9
			],
			"to": [
				16,
				14,
				15.9
			],
			"faces": {
				"north": {
					"uv": [
						8,
						0,
						0,
						7
					],
					"texture": "#0"
				},
				"south": {
					"uv": [
						0,
						0,
						8,
						7
					],
					"texture": "#0"
				}
			}
		},
		{
			"from": [
				0,
				14,
				15
			],
			"to": [
				16,
				16,
				17
			],
			"faces": {
				"north": {
					"uv": [
						0,
						14,
						16,
						16
					],
					"texture": "#1"
				},
				"east": {
					"uv": [
						0,
						14,
						1,
						16
					],
					"texture": "#1"
				},
				"south": {
					"uv": [
						0,
						14,
						16,
						16
					],
					"texture": "#1",
					"cullface": "south"
				},
				"west": {
					"uv": [
						15,
						14,
						16,
						16
					],
					"texture": "#1"
				},
				"up": {
					"uv": [
						0,
						15,
						16,
						16
					],
					"texture": "#1"
				},
				"down": {
					"uv": [
						0,
						0,
						16,
						1
					],
					"texture": "#1"
				}
			}
		},
		{
			"from": [
				15,
				16,
				16
			],
			"to": [
				16,
				18,
				17
			],
			"faces": {
				"north": {
					"uv": [
						0,
						14,
						1,
						16
					],
					"texture": "#1"
				},
				"east": {
					"uv": [
						0,
						14,
						1,
						16
					],
					"texture": "#1"
				},
				"south": {
					"uv": [
						15,
						14,
						16,
						16
					],
					"texture": "#1"
				},
				"west": {
					"uv": [
						15,
						14,
						16,
						16
					],
					"texture": "#1"
				},
				"up": {
					"uv": [
						15,
						15,
						16,
						16
					],
					"texture": "#1"
				}
			}
		},
		{
			"from": [
				0,
				16,
				16
			],
			"to": [
				1,
				18,
				17
			],
			"faces": {
				"north": {
					"uv": [
						15,
						14,
						16,
						16
					],
					"texture": "#1"
				},
				"east": {
					"uv": [
						0,
						14,
						1,
						16
					],
					"texture": "#1"
				},
				"south": {
					"uv": [
						0,
						14,
						1,
						16
					],
					"texture": "#1"
				},
				"west": {
					"uv": [
						15,
						14,
						16,
						16
					],
					"texture": "#1"
				},
				"up": {
					"uv": [
						0,
						15,
						1,
						16
					],
					"texture": "#1"
				}
			}
		}
	]
}
