{
	"credit": "Bubblellaneous - by bbfh",
	"parent": "minecraft:block/block",
	"textures": {
		"particle": "block/iron_block",
		"material": "block/iron_block",
		"door": "block/smithing_table_top",
		"handle": "block/stone"
	},
	"elements": [
		{
			"from": [
				0,
				0,
				0
			],
			"to": [
				16,
				16,
				16
			],
			"faces": {
				"north": {
					"uv": [
						0,
						0,
						16,
						16
					],
					"texture": "#material",
					"cullface": "north"
				},
				"east": {
					"uv": [
						0,
						0,
						16,
						16
					],
					"texture": "#material",
					"cullface": "east"
				},
				"south": {
					"uv": [
						0,
						0,
						16,
						16
					],
					"texture": "#material",
					"cullface": "south"
				},
				"west": {
					"uv": [
						0,
						0,
						16,
						16
					],
					"texture": "#material",
					"cullface": "west"
				},
				"up": {
					"uv": [
						0,
						0,
						16,
						16
					],
					"texture": "#material",
					"cullface": "up"
				},
				"down": {
					"uv": [
						0,
						0,
						16,
						16
					],
					"texture": "#material",
					"cullface": "down"
				}
			}
		},
		{
			"from": [
				1,
				1,
				-1
			],
			"to": [
				15,
				15,
				0
			],
			"faces": {
				"north": {
					"uv": [
						1,
						1,
						15,
						15
					],
					"texture": "#door",
					"cullface": "north"
				},
				"east": {
					"uv": [
						15,
						1,
						16,
						15
					],
					"texture": "#door",
					"cullface": "north"
				},
				"west": {
					"uv": [
						0,
						1,
						1,
						15
					],
					"texture": "#door",
					"cullface": "north"
				},
				"up": {
					"uv": [
						1,
						0,
						15,
						1
					],
					"texture": "#door",
					"cullface": "north"
				},
				"down": {
					"uv": [
						1,
						15,
						15,
						16
					],
					"texture": "#door",
					"cullface": "north"
				}
			}
		},
		{
			"from": [
				2,
				5,
				-2
			],
			"to": [
				3,
				11,
				-1
			],
			"rotation": {
				"angle": 0,
				"axis": "y",
				"origin": [
					0,
					0,
					-16
				]
			},
			"faces": {
				"north": {
					"uv": [
						0,
						0,
						1,
						6
					],
					"texture": "#handle",
					"cullface": "north"
				},
				"east": {
					"uv": [
						0,
						0,
						1,
						6
					],
					"texture": "#handle",
					"cullface": "north"
				},
				"west": {
					"uv": [
						0,
						0,
						1,
						6
					],
					"texture": "#handle",
					"cullface": "north"
				},
				"up": {
					"uv": [
						0,
						0,
						1,
						1
					],
					"texture": "#handle",
					"cullface": "north"
				},
				"down": {
					"uv": [
						0,
						0,
						1,
						1
					],
					"texture": "#handle",
					"cullface": "north"
				}
			}
		}
	]
}
