{
	"credit": "Bubblellaneous - by bbfh",
	"parent": "minecraft:block/block",
	"textures": {
		"particle": "block/white_terracotta",
		"material": "block/white_terracotta",
		"light_panel": "block/ochre_froglight_top",
		"joint": "block/smithing_table_top"
	},
	"elements": [
		{
			"from": [
				5,
				0,
				5
			],
			"to": [
				11,
				1,
				11
			],
			"faces": {
				"north": {
					"uv": [
						5,
						15,
						11,
						16
					],
					"texture": "#material"
				},
				"east": {
					"uv": [
						5,
						15,
						11,
						16
					],
					"texture": "#material"
				},
				"south": {
					"uv": [
						5,
						15,
						11,
						16
					],
					"texture": "#material"
				},
				"west": {
					"uv": [
						5,
						15,
						11,
						16
					],
					"texture": "#material"
				},
				"up": {
					"uv": [
						5,
						5,
						11,
						11
					],
					"texture": "#material"
				},
				"down": {
					"uv": [
						5,
						5,
						11,
						11
					],
					"texture": "#material",
					"cullface": "down"
				}
			}
		},
		{
			"from": [
				7.5,
				1,
				9
			],
			"to": [
				8.5,
				10,
				10
			],
			"rotation": {
				"angle": 22.5,
				"axis": "x",
				"origin": [
					8,
					1,
					9
				]
			},
			"faces": {
				"north": {
					"uv": [
						7.5,
						6,
						8.5,
						15
					],
					"texture": "#material"
				},
				"east": {
					"uv": [
						6,
						6,
						7,
						15
					],
					"texture": "#material"
				},
				"south": {
					"uv": [
						7.5,
						6,
						8.5,
						15
					],
					"texture": "#material"
				},
				"west": {
					"uv": [
						9,
						6,
						10,
						15
					],
					"texture": "#material"
				}
			}
		},
		{
			"from": [
				7.5,
				9,
				12
			],
			"to": [
				8.5,
				14,
				13
			],
			"rotation": {
				"angle": -45,
				"axis": "x",
				"origin": [
					8,
					9,
					13
				]
			},
			"faces": {
				"north": {
					"uv": [
						7.5,
						2,
						8.5,
						7
					],
					"texture": "#material"
				},
				"east": {
					"uv": [
						3,
						2,
						4,
						7
					],
					"texture": "#material"
				},
				"south": {
					"uv": [
						7.5,
						2,
						8.5,
						7
					],
					"texture": "#material"
				},
				"west": {
					"uv": [
						12,
						2,
						13,
						7
					],
					"texture": "#material"
				}
			}
		},
		{
			"from": [
				7,
				7.75,
				12
			],
			"to": [
				9,
				9.75,
				14
			],
			"rotation": {
				"angle": 45,
				"axis": "x",
				"origin": [
					8,
					8.5,
					12.5
				]
			},
			"faces": {
				"north": {
					"uv": [
						7,
						6.5,
						9,
						8.5
					],
					"texture": "#joint"
				},
				"east": {
					"uv": [
						2.5,
						6.5,
						4.5,
						8.5
					],
					"texture": "#joint"
				},
				"south": {
					"uv": [
						7,
						6.5,
						9,
						8.5
					],
					"texture": "#joint"
				},
				"west": {
					"uv": [
						11.5,
						6.5,
						13.5,
						8.5
					],
					"texture": "#joint"
				},
				"up": {
					"uv": [
						7,
						11.5,
						9,
						13.5
					],
					"texture": "#joint"
				},
				"down": {
					"uv": [
						7,
						2.5,
						9,
						4.5
					],
					"texture": "#joint"
				}
			}
		},
		{
			"from": [
				5,
				11,
				2
			],
			"to": [
				11,
				13,
				10
			],
			"rotation": {
				"angle": 22.5,
				"axis": "x",
				"origin": [
					8,
					12.75,
					10
				]
			},
			"faces": {
				"north": {
					"uv": [
						5,
						3,
						11,
						5
					],
					"texture": "#material"
				},
				"east": {
					"uv": [
						6,
						3,
						14,
						5
					],
					"texture": "#material"
				},
				"south": {
					"uv": [
						5,
						3,
						11,
						5
					],
					"texture": "#material"
				},
				"west": {
					"uv": [
						2,
						3,
						10,
						5
					],
					"texture": "#material"
				},
				"up": {
					"uv": [
						5,
						2,
						11,
						10
					],
					"texture": "#material"
				},
				"down": {
					"uv": [
						5,
						0,
						11,
						8
					],
					"texture": "#light_panel"
				}
			}
		}
	],
	"display": {
		"gui": {
			"rotation": [
				30,
				-135,
				0
			],
			"scale": [
				0.85,
				0.85,
				0.85
			]
		}
	}
}
